13465168.7165,10780871.6125
13499543.8618,10502906.0686
13546902.1747,10416295.0490
13618455.3146,10238962.4514
13670743.4076,10076093.1222
13700264.0961,9861485.8406
13744378.8122,9505364.7107
13804898.6746,9283481.5633
13852536.8019,9117469.9831
13830376.8138,8652655.3083
13865804.6447,8444932.2566
13935495.6765,8431054.1036
13990399.6733,8350175.2644
14042005.1191,8137149.8253
14128194.2687,7997591.1721
14181234.4616,7907975.4438
14184164.7636,7721913.9602
14216281.8818,7409817.8430
14253720.2047,7237918.9790
14274797.7167,7244045.6603
14296520.9272,7233339.7339
14318622.1082,7026742.4831
14340795.4655,6903589.0771
14397598.1783,6672659.8486
14461762.4610,6470282.0841
14484493.1452,6235791.5378
14476577.2949,6271288.2478
14492544.2184,6084788.5435
14523453.7738,6009955.3387
14565795.9235,5827636.4861
14600983.4455,5776920.9782
14641331.2653,5724568.0865
14686463.2343,5736655.1553
14683964.6645,5604535.6831
14682059.6095,5627140.7978
14751243.2346,5555704.5909
14758239.1418,5510231.1193
14800874.5874,5434692.8029
14859753.0413,5344091.6257
14892315.5035,5208188.9261
14879014.6587,5139266.3724
14928790.6671,5074652.2272
14906093.5809,5054003.3812
14918473.8217,5070657.0193
14974446.7481,5022045.6791
15055692.0871,4718324.8634
15066081.1373,4620873.2849
15113308.6966,4658934.9278
15084759.2316,4576216.3125
15117691.7168,4498114.6801
15112921.6812,4482337.7671
15120266.0466,4476781.8492
15119478.4560,4432959.6031
15167510.4548,4405992.1568
15232806.5008,4377279.9321
15205923.1229,4514284.0793
15233066.4537,4590145.2328
15262789.9588,4521076.5184
15291972.3425,4443578.2003
15301223.1381,4579983.9280
15297722.6195,4595103.5967
15263206.2516,4547375.9509
15260046.0239,4614753.6952
15271893.9037,4650798.1814
15271700.8348,4658503.8500
15291394.0475,4585533.8698
15303445.2763,4714749.9165
15291620.1558,4794614.2383
15272786.4843,4893773.4637
15290797.2939,5095677.0444
15328494.1510,5056314.1788
15352280.6341,5113249.7234
15395267.1477,5132136.6682
15402597.4361,5108969.0228
15392035.1108,5156789.0666
15365225.0335,5266111.4071
15359822.1460,5329055.0481
15364418.1086,5359413.3360
15365543.2292,5407266.0916
15313434.1038,5453228.5091
15310069.9020,5541915.6585
15309886.8038,5557483.2197
15294057.5410,5610559.5077
15286265.0998,5740065.2375
15241399.1020,5788725.9153
15227479.1359,5835331.1513
15212271.3507,5934514.9627
15213902.4898,5995525.8413
15232009.5469,6088940.1956
15209846.6043,6170633.1611
15197049.7089,6307740.8195
15175328.2054,6393287.6538
15142256.1839,6509220.1757
15081434.4733,6655320.3702
15100669.3612,6731085.4878
15098430.7259,6772014.8752
15025974.0719,6915684.7109
14970476.6640,6956818.1313
14954713.4208,7093586.9792
14916315.0132,7145634.1052
14897333.6121,7304686.8164
14848403.6108,7451555.5880
14820686.7778,7470871.2116
14788091.3286,7596476.2898
14794136.5428,7682011.4179
14793306.2884,7843043.7078
14712462.5027,8021210.2553
14680771.6879,8134415.0611
14670960.6748,8140144.6354
14614577.8063,8516982.9244
14589867.1756,8541947.5167
14542925.1877,8616351.5972
14487371.2373,8668936.6531
14455759.4184,8804940.4500
14383365.4368,8843438.6710
14378123.5917,8984599.6139
14346646.6779,9160558.2782
14275247.8900,9272345.6107
14272180.8532,9326109.4047
14214877.9869,9437505.2956
14175008.9553,9618138.9972
14129675.9548,9827778.6512
14093236.0144,9893560.1358
14098902.8270,9979992.9362
14022622.8436,10019847.5396
13955198.4476,10191055.5309
13930680.2597,10201460.3649
13860478.6258,10346057.6725
13785562.5033,10492051.9852
13719678.5594,10545001.7906
13652353.0138,10691927.0063
13603436.1808,10885825.9158
13540560.6777,11036492.7987
13514210.5904,11069975.8700
13456198.3809,11125703.6187
13421366.2995,11362269.8256
13357559.5789,11520528.4039
13294935.5602,11708905.9962
13270843.7614,11792010.9025
13264497.1581,11854014.7329
13204608.9690,11962350.9439
13186516.5574,12192915.1422
13137928.8991,12296858.1003
13099930.5219,12355930.4303
13032953.3954,12524728.3509
13017915.6478,12571817.8635
12990617.7015,12618003.5737
12951441.8027,12698221.6258
12908659.3522,12956705.3458
12840413.6070,13040503.7553
12801046.8522,13189886.9763
12765105.9532,13193748.4260
12732849.3459,13300880.6527
12707540.7664,13531907.4555
12702380.8805,13595672.2858
12710182.0598,13705161.6002
12689004.5097,13783109.7879
12607925.4128,13762576.0953
12527239.2044,13942833.3098
12465280.2382,14266976.1461
12457087.3229,14150290.6598
12402543.4535,14211102.0855
12346949.3485,14363828.0644
12261462.8517,14451301.2514
12234753.7869,14534089.1107
12135876.9922,14609058.1841
12119682.0601,14709420.6506
12080197.2764,14988624.5701
12025392.3252,15245468.2444
11945975.2905,15236905.9272
11894546.5560,15200185.5230
11901496.4413,15447806.6008
11824501.1108,15485967.4013
11769588.6746,15558880.1095
11729953.0118,15666332.0859
11664567.6649,15591283.8243
11631722.7581,15669383.7005
11546271.8163,15740008.7037
11532611.0006,15964578.3080
11531551.8376,16109335.0402
11515009.9944,16235672.3302
11348903.7364,16290788.8845
11287379.5096,16315023.6876
11205126.6861,16425431.2832
11046362.4073,16514778.6031
10921245.7213,16437977.0190
10804364.7128,16461094.0378
10743609.9038,16670396.1663
10730314.7586,16918211.6001
10635079.7455,17002960.0847
10570331.3379,17028287.7033
10518997.9608,17248394.5548
10414254.3367,17349801.6684
10300036.4318,17294359.1297
10172781.5801,17394006.2841
10088607.4956,17591559.3897
10011240.3113,17620843.0738
9856503.4919,17675795.2256
9774247.1952,17679162.6278
9671217.5364,17861158.2725
9605462.4985,17981993.5179
9475234.2982,18010565.2641
9371319.2147,18086864.5380
9324858.6184,18029451.3807
9161308.4312,18153096.5329
9078756.4889,18062506.5270
9014453.9980,18224058.0972
8972567.1451,18132362.9146
8958366.3281,18394689.4660
8865149.0856,18593297.2594
8736722.6521,18610652.2732
8690493.5146,18718732.8326
8592154.7256,18832034.8934
8518981.0399,18747027.4965
8437151.2427,18840048.0011
8301116.9691,18987821.7252
8202428.1737,18984761.8060
8133978.6133,19003112.1056
7956322.3164,18975171.0856
7867148.6918,19117428.5740
7746196.4471,19304379.8923
7580698.5822,19492186.5991
7518856.8454,19339806.4150
7487158.2277,19501844.5659
7367007.1673,19668465.1104
7269178.5625,19790677.4442
7188193.0418,19661402.1136
7122155.6464,19663466.0023
7064311.3470,19764568.4647
6971485.2209,19760708.8338
6928532.0695,19735431.4975
6841667.3074,19747032.6665
6807941.8930,19655724.6213
6660967.6481,19969390.6237
6617438.4366,19943032.6305
6573024.3988,20085129.0010
6520793.6254,19961942.5378
6462314.8136,20055216.0478
6384670.4502,20179766.3430
6292908.5100,20148934.4449
6261964.6445,20167392.2528
6189325.5967,20073755.7591
6135470.9096,20109715.4191
6062921.7275,20132003.1622
6056375.1831,20232551.1508
5973637.2315,20089392.8569
5877330.4368,20068250.7866
5851887.9437,20098745.1737
5821762.6314,20043206.0733
5786794.5358,20093421.5047
5729618.3764,20206863.3640
5704121.4389,20380880.1368
5653546.8941,20499797.6442
5622477.5123,20390618.1388
5631671.0057,20358142.1102
5599863.1080,20497944.5655
5557246.0668,20456078.6187
5545079.5108,20476467.8098
5508374.2323,20490932.2102
5461451.1433,20342015.3578
5472414.0239,20409401.7523
5455971.7820,20523298.6626
5428811.0894,20505419.2573
5432783.9376,20607867.3199
5457926.2083,20651793.6793
5454793.5911,20567229.5270
5485058.3227,20646403.7629
5510836.8061,20598513.9089
5547407.2987,20771895.2449
5585780.7003,20611816.8927
5624841.4576,20635967.1736
5653737.7475,20644480.0616
5655481.7414,20551269.2962
5720062.5613,20654331.7622
5776197.4737,20601889.7632
5842680.5158,20478547.9833
5916430.5905,20532501.5782
5967174.7920,20520406.3691
6087936.7107,20378548.7576
6099362.8401,20401343.3186
6183199.1212,20441455.3338
6319803.9996,20419319.8753
6419974.1943,20327152.5763
6535334.8802,20256203.7021
6636269.7271,20373578.7333
6729293.7066,20261659.5173
6874298.1180,20215382.6973
7048039.1588,20109432.0189
7116776.6703,20163318.4258
7245335.3489,20155797.6491
7418870.9023,19952383.9472
7534914.9165,19826217.8465
7655608.2226,19919648.9189
7792269.4889,19735584.1533
7950081.9750,19722258.8657
8067099.5900,19622491.9054
8191128.5077,19702815.7548
8299112.2990,19675117.0694
8396389.3877,19603568.3751
8503809.9557,19598981.7144
8601168.8556,19361059.4138
8691595.3498,19358324.5152
8765527.5984,19361894.4753
8865214.5517,19334995.4232
8977318.3265,19294487.3534
9065927.5120,19294680.8553
9192105.3790,19211530.0867
9308290.6967,19148316.4506
9383718.4516,19069880.2115
9453809.9165,18774999.4569
9517737.2004,18599777.6975
9595141.0673,18714256.8983
9661833.6478,18586291.2736
9714861.3311,18488363.4660
9774930.4768,18393787.2509
9853023.7012,18437779.2887
9902488.1414,18419653.7695
9981469.3422,18324705.2009
10069135.7320,18159291.2528
10155903.6003,18128732.1978
10203726.6934,18068053.2636
10296654.3763,17847628.1940
10369189.9177,17739702.2038
10408927.8379,17657162.9001
10541884.2025,17672114.3680
10611843.4879,17562689.2250
10727532.1665,17485085.7362
10804202.6199,17422176.1925
10916453.5875,17481791.0949
11016995.5523,17287570.2438
11108708.4120,17073002.9261
11211790.7340,16880003.2841
11303498.2548,16601699.2626
11390940.6151,16442758.6490
11509717.2098,16316102.4883
11598084.2165,16306160.2944
11645730.4907,16223953.6937
11717190.4795,15918682.2375
11766106.3130,15736754.0946
11842644.8932,15567071.5888
11902151.5488,15583139.4575
11967139.9691,15540824.0568
12025001.5805,15402028.7669
12118331.5300,15098865.5444
12247185.0607,14871682.3668
12325736.1627,14737886.6621
12422215.7802,14386662.0528
12487182.0449,14353816.1626
12593455.5158,14198443.8492
12636175.7599,14082939.1473
12716642.7897,14051319.4903
12777992.7251,14058364.1927
12825667.2612,13445794.7981
12843228.3540,13256283.5771
12900756.0767,12914495.4136
12919969.3810,12661331.8432
12911020.7302,12513834.0258
12986391.5622,12223850.2307
13044902.4682,12191925.2509
13094498.8281,12084440.6212
13137326.1740,11947910.2858
13207173.3535,11599884.5230
13306750.3836,11344120.5732
13361748.2809,11132248.2520
13358582.6702,10704366.4685
